customerID,gender,SeniorCitizen,tenure,PhoneService,InternetService,MonthlyCharges,TotalCharges,Churn
CUST00001,Male,0,0,No,DSL,67.91,,No
CUST00002,Male,0,62,Yes,Fiber optic,84.27,5559.35,No
CUST00003,Male,0,12,Yes,DSL,77.35,819.52,No
CUST00004,Male,0,29,Yes,Fiber optic,36.85,935.22,No
CUST00005,Male,0,37,No,No,96.9,3226.44,No
CUST00006,Female,0,46,Yes,DSL,97.08,4849.78,No
CUST00007,Male,1,2,Yes,Fiber optic,74.32,131.87,Yes
CUST00008,Female,1,30,No,DSL,30.99,895.39,Yes
CUST00009,Female,0,51,No,No,38.56,1583.36,No
CUST00010,Female,0,1,No,No,61.73,57.66,No
CUST00011,Female,0,4,Yes,Fiber optic,90.59,378.01,Yes
CUST00012,Female,0,8,Yes,Fiber optic,66.5,523.28,Yes
CUST00013,Male,0,1,Yes,No,98.2,,Yes
CUST00014,Female,0,46,Yes,Fiber optic,22.97,706.97,No
CUST00015,Female,1,19,Yes,DSL,50.95,813.27,No
CUST00016,Female,0,62,Yes,Fiber optic,65.54,3901.49,No
CUST00017,Female,1,63,No,No,52.66,3581.8,Yes
CUST00018,Male,0,67,Yes,No,76.06,,No
CUST00019,Male,1,68,No,Fiber optic,76.54,4805.03,No
CUST00020,Female,0,71,No,DSL,21.51,1169.17,No
CUST00021,Female,1,38,No,Fiber optic,40.86,1726.54,Yes
CUST00022,Male,1,64,Yes,No,75.16,5233.52,Yes
CUST00023,Female,1,23,No,Fiber optic,65.01,1402.79,No
CUST00024,Female,0,68,No,Fiber optic,28.03,2176.33,Yes
CUST00025,Male,1,6,No,Fiber optic,66.94,344.04,No
CUST00026,Male,1,36,Yes,Fiber optic,29.78,1228.74,No
CUST00027,Male,0,31,Yes,No,86.24,2924.48,No
CUST00028,Male,0,54,No,Fiber optic,39.2,,No
CUST00029,Male,0,0,Yes,Fiber optic,102.95,,Yes
CUST00030,Female,0,11,Yes,DSL,91.98,1112.21,No
CUST00031,Female,1,9,Yes,Fiber optic,80.93,689.99,No
CUST00032,Male,0,61,No,Fiber optic,81.58,4660.29,No
CUST00033,Female,0,33,No,No,63.32,2001.69,No
CUST00034,Male,0,46,Yes,DSL,81.43,3435.74,No
CUST00035,Female,0,26,No,Fiber optic,64.87,1886.15,No
CUST00036,Female,0,3,No,DSL,90.89,286.77,Yes
CUST00037,Male,0,64,Yes,No,86.65,5038.65,No
CUST00038,Female,0,11,Yes,Fiber optic,92.22,934.28,Yes
CUST00039,Female,1,13,Yes,Fiber optic,51.24,546.52,No
CUST00040,Male,0,11,No,Fiber optic,105.65,1245.04,No
CUST00041,Female,0,11,No,Fiber optic,60.86,694.68,No
CUST00042,Female,1,42,No,Fiber optic,87.07,3595.63,Yes
CUST00043,Male,0,61,No,DSL,70.47,4044.23,No
CUST00044,Male,0,6,Yes,No,99.95,629.62,No
CUST00045,Female,0,11,Yes,Fiber optic,106.81,1094.08,Yes
CUST00046,Female,0,12,No,Fiber optic,28.79,307.29,Yes
CUST00047,Female,1,46,Yes,Fiber optic,45.78,2451.42,Yes
CUST00048,Female,0,58,No,Fiber optic,27.17,1012.31,Yes
CUST00049,Female,1,10,No,DSL,108.14,1024.63,Yes
CUST00050,Female,0,12,Yes,Fiber optic,53.15,651.25,No
CUST00051,Male,0,2,Yes,Fiber optic,86.4,,Yes
CUST00052,Female,0,65,No,No,37.02,2721.57,No
CUST00053,Male,0,23,No,DSL,61.35,1573.98,No
CUST00054,Female,1,8,Yes,DSL,94.3,682.71,Yes
CUST00055,Female,0,65,Yes,Fiber optic,50.83,2815.53,Yes
CUST00056,Female,0,55,No,DSL,73.23,3818.25,No
CUST00057,Male,0,7,No,Fiber optic,106.99,727.6,Yes
CUST00058,Female,0,49,Yes,Fiber optic,89.89,4124.49,Yes
CUST00059,Female,0,39,No,DSL,70.02,3026.12,No
CUST00060,Female,1,22,Yes,Fiber optic,44.65,,Yes
CUST00061,Male,0,51,No,Fiber optic,94.11,4791.52,No
CUST00062,Female,0,57,No,Fiber optic,69.93,4332.62,No
CUST00063,Male,0,69,No,DSL,70.49,5063.96,No
CUST00064,Male,0,68,No,Fiber optic,43.08,3085.29,Yes
CUST00065,Male,0,9,Yes,DSL,101.49,,No
CUST00066,Female,0,1,Yes,DSL,94.01,98.69,Yes
CUST00067,Female,0,4,Yes,DSL,74.51,289.62,No
CUST00068,Male,0,9,Yes,Fiber optic,95.0,846.68,No
CUST00069,Male,1,6,No,No,87.01,525.04,No
CUST00070,Male,0,21,Yes,Fiber optic,52.25,1037.59,No
CUST00071,Male,0,38,Yes,Fiber optic,61.85,2450.21,No
CUST00072,Male,0,6,Yes,No,74.7,449.56,Yes
CUST00073,Female,1,0,Yes,Fiber optic,85.05,,Yes
CUST00074,Female,0,71,No,Fiber optic,72.91,5334.64,Yes
CUST00075,Female,0,7,No,DSL,87.5,650.22,No
CUST00076,Male,1,61,No,DSL,20.03,1371.88,No
CUST00077,Female,0,27,No,Fiber optic,68.84,1632.92,No
CUST00078,Male,0,9,Yes,No,83.3,812.25,No
CUST00079,Female,1,38,Yes,Fiber optic,42.88,1950.48,No
CUST00080,Female,1,2,Yes,DSL,66.2,148.35,No
CUST00081,Male,1,29,Yes,No,36.07,1094.82,Yes
CUST00082,Female,0,36,Yes,Fiber optic,63.87,2170.3,Yes
CUST00083,Male,0,2,No,DSL,95.87,176.48,Yes
CUST00084,Female,0,11,No,DSL,76.39,896.8,No
CUST00085,Male,0,12,No,Fiber optic,69.16,808.83,Yes
CUST00086,Female,0,53,Yes,DSL,56.97,3080.48,No
CUST00087,Female,0,55,No,DSL,31.44,1367.98,No
CUST00088,Male,0,44,No,Fiber optic,80.2,3757.25,Yes
CUST00089,Female,1,5,No,No,93.18,449.56,Yes
CUST00090,Female,0,2,No,No,99.07,189.04,Yes
CUST00091,Female,1,0,Yes,DSL,64.57,,No
CUST00092,Female,1,65,Yes,No,66.42,4791.25,No
CUST00093,Male,0,48,No,No,70.04,2885.63,No
CUST00094,Male,0,47,Yes,DSL,82.61,3528.16,No
CUST00095,Male,0,59,No,No,24.44,1859.45,No
CUST00096,Male,0,2,Yes,DSL,78.55,163.46,No
CUST00097,Female,0,8,No,Fiber optic,80.67,663.78,Yes
CUST00098,Male,0,39,Yes,No,73.38,2782.27,No
CUST00099,Male,0,9,Yes,DSL,96.23,950.09,Yes
CUST00100,Male,0,16,No,DSL,62.26,937.89,No
CUST00101,Male,0,70,No,DSL,86.87,5886.39,No
CUST00102,Male,0,12,No,Fiber optic,70.55,842.79,No
CUST00103,Male,0,57,No,DSL,36.66,1867.0,No
CUST00104,Female,1,25,Yes,No,25.27,466.98,Yes
CUST00105,Female,0,46,No,DSL,33.19,1651.44,No
CUST00106,Male,0,9,Yes,DSL,62.46,536.44,No
CUST00107,Male,0,11,Yes,DSL,70.63,,Yes
CUST00108,Female,0,2,No,DSL,78.12,161.04,Yes
CUST00109,Female,0,64,Yes,DSL,42.32,2804.45,No
CUST00110,Female,0,57,Yes,No,60.92,3436.93,No
CUST00111,Male,0,40,Yes,Fiber optic,88.05,3749.26,Yes
CUST00112,Female,0,10,Yes,DSL,97.12,1002.23,Yes
CUST00113,Female,0,52,Yes,Fiber optic,79.74,3843.18,No
CUST00114,Male,0,54,No,Fiber optic,85.44,4708.47,No
CUST00115,Female,1,9,Yes,Fiber optic,84.89,742.26,Yes
CUST00116,Male,0,17,No,Fiber optic,87.1,1508.9,No
CUST00117,Female,0,29,No,Fiber optic,83.78,2668.01,No
CUST00118,Female,1,1,Yes,Fiber optic,69.07,62.39,No
CUST00119,Female,0,12,No,DSL,88.62,1032.31,No
CUST00120,Male,1,12,No,No,22.1,171.1,No
CUST00121,Male,0,5,Yes,No,97.97,446.09,Yes
CUST00122,Female,0,3,Yes,DSL,76.57,255.84,Yes
CUST00123,Female,1,38,Yes,Fiber optic,65.57,2583.72,Yes
CUST00124,Female,0,10,No,DSL,60.16,514.44,No
CUST00125,Male,0,36,No,Fiber optic,74.77,2862.52,Yes
CUST00126,Female,0,12,Yes,No,83.15,981.56,No
CUST00127,Male,0,9,No,Fiber optic,68.31,626.11,No
CUST00128,Male,1,17,Yes,No,24.08,570.47,No
CUST00129,Female,0,9,Yes,No,96.92,904.69,No
CUST00130,Female,0,33,Yes,DSL,61.68,1920.25,No
CUST00131,Male,0,65,No,DSL,76.38,5474.87,No
CUST00132,Female,0,71,No,DSL,82.52,5688.28,No
CUST00133,Male,0,59,Yes,Fiber optic,81.59,4252.39,No
CUST00134,Female,0,52,Yes,No,66.49,3494.97,No
CUST00135,Female,0,39,No,DSL,74.52,2708.04,No
CUST00136,Male,1,11,Yes,DSL,63.89,675.5,No
CUST00137,Female,0,40,No,DSL,80.89,3103.11,No
CUST00138,Female,0,19,No,Fiber optic,59.87,1087.19,Yes
CUST00139,Male,0,61,Yes,No,39.45,2054.57,No
CUST00140,Female,0,3,Yes,Fiber optic,64.9,191.11,No
CUST00141,Female,1,56,Yes,DSL,55.72,3454.94,No
CUST00142,Male,0,19,No,DSL,38.4,567.11,No
CUST00143,Male,0,56,No,Fiber optic,59.06,2783.86,No
CUST00144,Male,1,64,No,DSL,34.19,,No
CUST00145,Male,0,4,No,No,76.86,,No
CUST00146,Female,0,5,Yes,DSL,81.27,411.17,Yes
CUST00147,Male,1,12,No,No,23.19,376.87,No
CUST00148,Female,0,72,Yes,DSL,62.69,4036.98,No
CUST00149,Male,0,3,Yes,No,97.36,265.3,Yes
CUST00150,Female,0,3,No,No,86.5,280.76,No
CUST00151,Male,0,68,Yes,Fiber optic,24.86,2003.15,No
CUST00152,Female,0,59,Yes,DSL,31.66,1896.88,No
CUST00153,Male,0,35,No,DSL,65.32,2098.39,No
CUST00154,Female,0,30,No,DSL,88.15,2696.94,No
CUST00155,Male,0,0,No,DSL,77.87,,Yes
CUST00156,Female,0,27,Yes,DSL,72.32,2128.22,No
CUST00157,Male,0,3,No,DSL,82.88,243.38,No
CUST00158,Male,0,61,Yes,DSL,36.58,1944.92,No
CUST00159,Female,0,7,No,Fiber optic,88.12,653.22,Yes
CUST00160,Male,1,9,Yes,Fiber optic,95.36,835.57,Yes
CUST00161,Male,0,19,No,DSL,67.54,1394.4,No
CUST00162,Male,0,8,Yes,Fiber optic,104.14,839.59,Yes
CUST00163,Female,1,13,No,Fiber optic,99.04,1355.31,Yes
CUST00164,Female,0,9,Yes,No,88.95,783.07,Yes
CUST00165,Female,1,7,No,No,77.45,503.93,No
CUST00166,Female,1,41,Yes,Fiber optic,35.7,1492.22,No
CUST00167,Male,0,12,No,Fiber optic,39.06,440.25,No
CUST00168,Male,0,6,No,DSL,95.16,515.85,No
CUST00169,Female,1,65,No,Fiber optic,26.3,1338.31,Yes
CUST00170,Male,0,12,Yes,DSL,64.9,898.16,No
CUST00171,Male,0,11,No,DSL,64.19,673.24,No
CUST00172,Male,0,11,Yes,DSL,89.31,1005.36,No
CUST00173,Female,0,40,Yes,Fiber optic,67.79,2428.02,No
CUST00174,Male,0,1,No,No,71.77,73.44,Yes
CUST00175,Female,0,7,Yes,No,96.73,632.47,Yes
CUST00176,Female,0,1,No,Fiber optic,89.95,96.2,No
CUST00177,Male,0,54,No,Fiber optic,46.57,2533.0,No
CUST00178,Female,0,41,Yes,DSL,57.16,1976.0,No
CUST00179,Female,0,68,No,Fiber optic,67.41,5201.63,No
CUST00180,Male,1,15,Yes,DSL,56.02,822.77,No
CUST00181,Male,0,70,Yes,No,50.46,3282.37,No
CUST00182,Female,0,6,Yes,DSL,78.15,435.35,No
CUST00183,Female,0,25,No,DSL,42.17,1069.75,No
CUST00184,Male,0,16,No,DSL,24.92,509.7,No
CUST00185,Male,0,43,Yes,Fiber optic,36.73,1657.96,No
CUST00186,Female,1,7,Yes,Fiber optic,69.47,549.45,Yes
CUST00187,Female,1,2,Yes,No,92.6,170.67,Yes
CUST00188,Female,0,14,Yes,No,50.32,667.44,No
CUST00189,Male,0,35,No,DSL,71.31,2664.76,No
CUST00190,Male,0,12,No,Fiber optic,24.97,294.04,No
CUST00191,Female,0,50,No,DSL,35.61,2203.12,No
CUST00192,Female,0,11,No,DSL,76.06,924.97,Yes
CUST00193,Female,0,9,No,DSL,61.54,485.61,No
CUST00194,Male,0,42,No,DSL,24.43,1219.99,No
CUST00195,Female,0,26,No,DSL,34.55,923.36,No
CUST00196,Female,0,42,Yes,Fiber optic,75.98,3173.99,No
CUST00197,Female,0,22,No,Fiber optic,52.63,1185.51,Yes
CUST00198,Male,0,49,Yes,No,79.7,3420.0,No
CUST00199,Female,0,8,No,Fiber optic,92.42,684.11,No
CUST00200,Female,0,2,No,Fiber optic,73.03,155.72,No
CUST00201,Male,0,39,Yes,No,87.92,3507.43,No
CUST00202,Female,0,13,No,DSL,44.75,646.06,No
CUST00203,Male,1,62,No,Fiber optic,99.39,,No
CUST00204,Male,1,43,Yes,DSL,74.96,3092.55,No
CUST00205,Male,0,52,Yes,No,41.32,1689.63,No
CUST00206,Male,0,19,No,No,47.64,786.38,No
CUST00207,Female,0,70,Yes,Fiber optic,82.47,6021.01,No
CUST00208,Male,0,69,Yes,Fiber optic,58.64,4267.15,No
CUST00209,Female,0,29,No,No,82.83,2371.97,No
CUST00210,Female,0,1,Yes,Fiber optic,84.24,78.63,Yes
CUST00211,Male,0,47,No,Fiber optic,45.49,2313.6,No
CUST00212,Male,1,32,No,DSL,57.16,1625.8,No
CUST00213,Male,0,16,No,Fiber optic,70.34,974.42,No
CUST00214,Female,0,55,Yes,DSL,98.89,5797.75,No
CUST00215,Female,0,19,No,No,98.38,1778.09,No
CUST00216,Male,0,4,No,Fiber optic,89.09,388.61,Yes
CUST00217,Female,0,31,Yes,No,33.77,813.69,No
CUST00218,Female,1,8,Yes,DSL,67.74,474.97,Yes
CUST00219,Male,0,41,No,Fiber optic,90.63,3481.71,No
CUST00220,Female,0,3,Yes,Fiber optic,74.78,214.4,Yes
CUST00221,Female,1,52,Yes,Fiber optic,89.51,4439.34,Yes
CUST00222,Female,0,51,Yes,No,96.3,4484.73,No
CUST00223,Male,1,0,No,Fiber optic,105.53,,Yes
CUST00224,Female,1,42,Yes,DSL,71.11,2857.4,No
CUST00225,Male,1,3,Yes,No,82.93,265.38,Yes
CUST00226,Female,1,22,No,DSL,94.99,2173.48,Yes
CUST00227,Male,0,47,No,DSL,39.61,1813.98,No
CUST00228,Male,0,15,No,Fiber optic,77.76,1162.07,No
CUST00229,Female,1,39,No,Fiber optic,77.61,2961.74,Yes
CUST00230,Female,0,3,Yes,Fiber optic,64.47,218.18,No
CUST00231,Female,0,8,Yes,DSL,97.59,775.06,Yes
CUST00232,Male,0,12,No,No,63.47,724.32,No
CUST00233,Male,0,5,No,DSL,66.5,319.11,No
CUST00234,Male,0,9,No,Fiber optic,88.21,847.93,Yes
CUST00235,Female,0,17,Yes,DSL,54.51,843.45,No
CUST00236,Female,1,61,No,DSL,23.31,,No
CUST00237,Female,0,10,No,DSL,69.93,632.52,No
CUST00238,Male,0,21,No,No,50.22,,No
CUST00239,Male,0,4,No,Fiber optic,80.5,355.02,Yes
CUST00240,Male,0,61,Yes,Fiber optic,66.29,4605.53,No
CUST00241,Female,0,36,No,No,24.07,978.61,No
CUST00242,Male,0,21,Yes,Fiber optic,33.76,720.22,Yes
CUST00243,Female,0,72,No,DSL,91.71,6919.12,No
CUST00244,Male,1,29,Yes,No,82.76,2221.23,No
CUST00245,Female,0,22,Yes,DSL,78.5,1562.95,No
CUST00246,Female,1,25,Yes,Fiber optic,31.3,748.28,Yes
CUST00247,Female,0,42,No,No,46.81,2013.95,No
CUST00248,Female,0,19,No,DSL,49.71,1132.7,No
CUST00249,Female,0,70,No,No,86.79,5716.98,No
CUST00250,Female,0,68,No,Fiber optic,86.39,,Yes
CUST00251,Male,0,3,No,Fiber optic,98.37,306.43,Yes
CUST00252,Male,0,5,Yes,No,85.4,440.06,Yes
CUST00253,Male,0,5,Yes,Fiber optic,85.9,385.81,No
CUST00254,Male,0,65,No,Fiber optic,33.33,1861.79,No
CUST00255,Male,0,0,No,Fiber optic,74.41,,No
CUST00256,Female,0,21,Yes,No,85.99,1949.69,No
CUST00257,Female,1,26,No,DSL,99.96,2577.29,No
CUST00258,Male,0,7,Yes,No,106.65,787.16,No
CUST00259,Male,0,61,No,No,44.34,2587.24,No
CUST00260,Female,0,43,No,DSL,94.69,3673.6,No
CUST00261,Male,0,35,No,DSL,96.56,3662.04,No
CUST00262,Female,0,5,Yes,Fiber optic,103.03,504.18,Yes
CUST00263,Female,0,61,No,No,37.52,2335.31,No
CUST00264,Male,0,46,No,DSL,27.11,958.27,No
CUST00265,Female,0,52,No,DSL,90.69,4218.78,No
CUST00266,Male,0,42,Yes,DSL,73.44,2873.2,No
CUST00267,Male,1,1,Yes,No,91.07,89.59,No
CUST00268,Female,0,58,No,DSL,71.91,,No
CUST00269,Male,0,71,Yes,No,24.78,1336.89,No
CUST00270,Female,1,55,No,Fiber optic,70.53,3576.21,No
CUST00271,Female,0,7,No,DSL,78.74,569.63,No
CUST00272,Male,0,23,No,DSL,61.41,1413.89,No
CUST00273,Female,0,2,Yes,Fiber optic,103.07,222.14,Yes
CUST00274,Female,0,8,Yes,DSL,85.22,,No
CUST00275,Female,0,68,No,Fiber optic,86.15,5964.7,Yes
CUST00276,Female,1,58,No,DSL,37.57,2003.35,No
CUST00277,Male,0,26,No,No,79.66,2292.53,No
CUST00278,Female,0,27,Yes,Fiber optic,86.64,2136.47,No
CUST00279,Female,0,18,Yes,Fiber optic,22.78,499.73,No
CUST00280,Female,0,23,Yes,DSL,35.12,757.55,No
CUST00281,Female,0,10,Yes,No,100.78,995.63,Yes
CUST00282,Male,0,23,No,No,44.5,805.23,No
CUST00283,Male,0,49,Yes,Fiber optic,53.06,3060.87,No
CUST00284,Male,0,71,Yes,DSL,21.37,2190.04,No
CUST00285,Male,0,39,No,DSL,38.32,1353.61,No
CUST00286,Female,0,3,No,No,92.61,290.57,Yes
CUST00287,Male,0,11,Yes,No,109.03,1302.58,No
CUST00288,Female,0,1,Yes,No,76.5,77.73,Yes
CUST00289,Male,0,8,No,DSL,95.07,684.07,Yes
CUST00290,Female,0,41,No,Fiber optic,81.61,3362.96,Yes
CUST00291,Female,1,12,No,Fiber optic,53.58,,Yes
CUST00292,Male,0,29,No,DSL,89.85,2767.11,No
CUST00293,Male,0,12,No,Fiber optic,35.88,450.8,No
CUST00294,Female,1,60,Yes,DSL,22.24,1890.55,Yes
CUST00295,Female,0,44,Yes,Fiber optic,26.76,990.26,Yes
CUST00296,Male,1,67,No,DSL,56.6,3805.81,No
CUST00297,Female,0,58,No,DSL,88.15,4626.84,No
CUST00298,Male,0,1,Yes,Fiber optic,67.71,74.07,Yes
CUST00299,Female,0,2,Yes,DSL,70.95,158.32,Yes
CUST00300,Male,0,0,Yes,No,103.51,,No
CUST00301,Male,0,35,Yes,DSL,94.44,3431.1,No
CUST00302,Male,0,9,Yes,DSL,85.07,826.98,Yes
CUST00303,Male,0,56,Yes,DSL,49.79,2613.83,No
CUST00304,Female,0,58,Yes,Fiber optic,93.0,5444.27,No
CUST00305,Male,0,21,No,No,56.68,1195.74,No
CUST00306,Female,0,54,Yes,DSL,85.49,5075.25,No
CUST00307,Female,0,3,No,No,66.4,214.05,No
CUST00308,Male,0,9,No,No,61.09,559.65,No
CUST00309,Male,0,1,No,Fiber optic,70.99,75.5,Yes
CUST00310,Male,1,7,No,No,98.9,642.42,No
CUST00311,Male,1,22,Yes,No,82.97,1820.11,No
CUST00312,Female,0,15,No,DSL,81.12,1122.44,No
CUST00313,Male,0,6,No,DSL,85.2,507.08,No
CUST00314,Female,0,9,Yes,DSL,64.11,515.47,No
CUST00315,Female,0,41,Yes,No,90.54,3639.58,No
CUST00316,Male,1,5,No,DSL,65.51,345.77,No
CUST00317,Female,0,58,Yes,DSL,58.32,3684.17,No
CUST00318,Female,0,33,No,No,93.33,3362.58,No
CUST00319,Female,0,1,No,No,66.35,65.8,No
CUST00320,Male,0,50,No,DSL,35.63,2193.55,No
CUST00321,Female,0,12,Yes,DSL,67.64,709.04,No
CUST00322,Male,0,10,No,DSL,88.43,847.9,No
CUST00323,Female,0,8,Yes,DSL,98.42,855.55,No
CUST00324,Male,1,11,No,DSL,109.51,1139.08,No
CUST00325,Female,0,48,Yes,DSL,92.26,4190.21,No
CUST00326,Female,0,32,Yes,DSL,82.5,2567.37,No
CUST00327,Female,0,50,Yes,DSL,27.94,,No
CUST00328,Female,0,8,Yes,Fiber optic,87.66,691.92,No
CUST00329,Female,0,5,No,Fiber optic,71.02,376.8,Yes
CUST00330,Female,0,27,Yes,DSL,38.31,811.27,No
CUST00331,Male,0,4,No,Fiber optic,63.35,220.02,No
CUST00332,Female,0,47,No,Fiber optic,48.29,1988.31,No
CUST00333,Male,0,57,No,No,36.74,1963.98,No
CUST00334,Female,0,14,Yes,DSL,73.69,1098.27,No
CUST00335,Female,1,69,Yes,Fiber optic,21.39,911.15,Yes
CUST00336,Female,0,0,Yes,No,80.63,,Yes
CUST00337,Male,0,44,No,Fiber optic,67.07,2683.82,No
CUST00338,Female,0,31,Yes,DSL,56.65,1796.18,No
CUST00339,Female,1,21,No,Fiber optic,84.7,1964.78,No
CUST00340,Male,0,11,No,Fiber optic,65.61,737.74,No
CUST00341,Male,1,1,No,DSL,89.93,94.58,No
CUST00342,Male,0,59,No,Fiber optic,75.29,4033.72,No
CUST00343,Male,0,21,No,No,93.96,2108.13,No
CUST00344,Male,0,29,Yes,DSL,52.0,1428.03,No
CUST00345,Female,0,4,Yes,Fiber optic,79.83,325.91,No
CUST00346,Male,0,22,Yes,No,43.73,1017.36,No
CUST00347,Male,1,46,No,Fiber optic,97.67,4790.89,Yes
CUST00348,Male,0,9,No,DSL,97.84,952.27,Yes
CUST00349,Female,0,6,No,Fiber optic,103.3,622.95,Yes
CUST00350,Female,0,3,Yes,DSL,67.84,182.29,No
CUST00351,Female,1,62,Yes,DSL,42.3,2560.28,No
CUST00352,Female,1,35,No,No,41.1,1189.09,No
CUST00353,Female,0,29,No,Fiber optic,71.62,1948.96,Yes
CUST00354,Male,0,20,No,DSL,40.59,715.37,No
CUST00355,Female,0,31,No,Fiber optic,97.55,3219.18,No
CUST00356,Female,0,60,No,DSL,35.83,1600.22,No
CUST00357,Female,0,0,No,Fiber optic,77.41,,No
CUST00358,Female,1,13,Yes,Fiber optic,55.3,,Yes
CUST00359,Male,0,8,Yes,DSL,101.98,832.19,Yes
CUST00360,Female,0,64,No,Fiber optic,78.71,5332.51,Yes
CUST00361,Female,0,6,No,No,94.92,536.86,Yes
CUST00362,Male,0,56,No,DSL,70.04,3815.28,No
CUST00363,Female,0,0,Yes,Fiber optic,88.65,,Yes
CUST00364,Female,0,41,Yes,No,35.54,1615.95,No
CUST00365,Female,0,50,No,DSL,28.79,1768.29,No
CUST00366,Male,0,0,Yes,Fiber optic,99.72,,No
CUST00367,Female,0,46,No,No,63.53,3226.0,No
CUST00368,Female,0,21,No,DSL,64.03,1324.98,No
CUST00369,Female,1,23,No,DSL,54.13,1243.92,Yes
CUST00370,Female,0,3,No,Fiber optic,75.79,246.39,Yes
CUST00371,Female,0,15,Yes,Fiber optic,45.61,557.86,Yes
CUST00372,Male,0,0,No,DSL,92.46,,No
CUST00373,Male,0,44,Yes,Fiber optic,26.44,1004.93,Yes
CUST00374,Female,0,8,No,DSL,79.04,553.71,Yes
CUST00375,Female,1,68,Yes,DSL,42.01,2503.06,No
CUST00376,Female,1,49,Yes,No,98.5,4893.22,Yes
CUST00377,Female,0,43,Yes,No,22.38,1284.17,No
CUST00378,Male,0,28,No,No,81.17,2245.92,No
CUST00379,Female,0,3,Yes,DSL,60.96,,No
CUST00380,Male,1,9,No,Fiber optic,92.77,883.49,No
CUST00381,Female,0,11,No,Fiber optic,64.91,744.65,Yes
CUST00382,Female,1,35,No,DSL,45.76,1917.01,No
CUST00383,Female,0,60,Yes,DSL,54.97,2935.15,No
CUST00384,Male,0,10,Yes,Fiber optic,107.53,1014.74,Yes
CUST00385,Male,0,30,Yes,Fiber optic,49.39,1719.29,Yes
CUST00386,Male,0,4,Yes,No,109.71,442.45,Yes
CUST00387,Male,0,38,No,DSL,93.61,3190.37,No
CUST00388,Female,0,6,No,DSL,65.61,402.66,No
CUST00389,Female,0,57,Yes,Fiber optic,97.5,5659.9,No
CUST00390,Female,0,4,No,No,87.55,334.49,Yes
CUST00391,Male,0,22,No,Fiber optic,23.1,474.73,No
CUST00392,Female,1,72,No,No,56.49,4334.99,No
CUST00393,Male,1,1,No,Fiber optic,60.19,62.07,Yes
CUST00394,Male,0,6,Yes,DSL,93.54,532.2,Yes
CUST00395,Female,0,54,No,Fiber optic,81.74,,No
CUST00396,Female,1,15,Yes,DSL,47.47,772.99,No
CUST00397,Male,0,2,Yes,DSL,77.39,142.63,Yes
CUST00398,Female,0,36,Yes,No,38.26,1555.53,No
CUST00399,Male,1,6,Yes,DSL,62.87,426.48,No
CUST00400,Male,1,23,Yes,DSL,96.19,,No
CUST00401,Male,1,66,No,DSL,76.99,4452.63,No
CUST00402,Male,0,2,No,Fiber optic,67.67,117.93,No
CUST00403,Male,0,62,Yes,Fiber optic,73.88,3990.58,No
CUST00404,Male,0,38,No,No,84.12,,No
CUST00405,Female,0,69,Yes,Fiber optic,44.19,3228.41,No
CUST00406,Male,0,70,Yes,DSL,86.59,5920.22,No
CUST00407,Male,0,52,Yes,DSL,68.91,3781.44,No
CUST00408,Female,1,60,No,DSL,59.91,3042.39,No
CUST00409,Male,0,25,Yes,No,88.16,2039.62,No
CUST00410,Male,1,1,No,DSL,77.27,73.32,Yes
CUST00411,Female,0,9,No,Fiber optic,101.38,887.87,Yes
CUST00412,Male,1,7,No,DSL,100.39,637.51,Yes
CUST00413,Female,0,67,No,Fiber optic,48.4,3594.82,No
CUST00414,Male,0,11,Yes,Fiber optic,102.39,1039.89,No
CUST00415,Female,0,5,Yes,Fiber optic,89.78,451.02,Yes
CUST00416,Female,1,10,Yes,DSL,98.22,1019.65,Yes
CUST00417,Female,0,6,No,No,94.29,587.14,Yes
CUST00418,Male,0,69,No,Fiber optic,66.78,4853.35,No
CUST00419,Female,0,39,Yes,DSL,87.06,3720.42,No
CUST00420,Female,0,43,Yes,DSL,40.59,1600.43,No
CUST00421,Female,1,54,Yes,Fiber optic,41.12,1858.94,No
CUST00422,Male,0,7,No,DSL,105.94,768.19,Yes
CUST00423,Female,0,35,Yes,Fiber optic,79.67,2717.56,Yes
CUST00424,Female,0,14,Yes,DSL,44.54,498.77,No
CUST00425,Male,0,58,Yes,DSL,22.55,956.31,No
CUST00426,Male,0,9,Yes,No,78.36,764.97,No
CUST00427,Male,0,44,Yes,No,59.22,3044.03,No
CUST00428,Male,1,57,No,Fiber optic,83.5,4220.5,No
CUST00429,Female,0,38,Yes,Fiber optic,81.6,3440.82,No
CUST00430,Male,0,9,Yes,Fiber optic,98.15,840.07,Yes
CUST00431,Female,0,37,No,Fiber optic,65.91,2217.15,No
CUST00432,Male,0,38,Yes,Fiber optic,98.22,3400.64,Yes
CUST00433,Female,0,3,Yes,No,106.29,326.23,Yes
CUST00434,Female,0,7,Yes,Fiber optic,102.97,761.82,Yes
CUST00435,Male,0,12,No,Fiber optic,54.51,746.36,Yes
CUST00436,Male,0,0,No,DSL,76.17,,Yes
CUST00437,Female,0,24,Yes,Fiber optic,61.81,1427.17,No
CUST00438,Female,0,26,No,Fiber optic,89.56,2564.98,Yes
CUST00439,Female,0,45,No,DSL,95.01,4102.56,No
CUST00440,Female,0,1,Yes,No,80.06,89.85,Yes
CUST00441,Female,0,3,Yes,Fiber optic,90.79,255.89,Yes
CUST00442,Female,0,2,No,DSL,66.88,129.06,No
CUST00443,Female,0,70,Yes,Fiber optic,80.32,5778.28,No
CUST00444,Male,0,37,No,DSL,96.01,3668.27,No
CUST00445,Male,0,3,No,Fiber optic,92.35,298.78,No
CUST00446,Female,1,33,Yes,DSL,63.18,2126.28,No
CUST00447,Female,0,24,No,DSL,37.85,735.23,No
CUST00448,Male,0,34,Yes,DSL,58.57,1967.44,No
CUST00449,Female,0,20,Yes,DSL,38.96,807.68,No
CUST00450,Male,0,15,No,No,38.42,538.97,No
CUST00451,Female,1,3,Yes,Fiber optic,66.46,229.0,Yes
CUST00452,Male,0,48,Yes,Fiber optic,91.67,4227.85,No
CUST00453,Male,0,11,Yes,DSL,69.92,829.67,No
CUST00454,Female,0,66,No,DSL,65.73,4094.49,No
CUST00455,Male,0,57,No,DSL,76.46,4895.58,No
CUST00456,Male,1,9,Yes,DSL,78.88,648.65,No
CUST00457,Female,0,10,No,Fiber optic,64.54,577.38,No
CUST00458,Female,0,11,No,No,108.68,1150.75,Yes
CUST00459,Male,0,27,Yes,Fiber optic,30.02,,No
CUST00460,Male,1,50,Yes,Fiber optic,46.06,1996.36,No
CUST00461,Female,0,31,No,DSL,81.43,2788.69,No
CUST00462,Male,0,8,No,Fiber optic,88.32,747.06,No
CUST00463,Female,0,66,Yes,DSL,66.16,4196.85,No
CUST00464,Female,0,6,No,Fiber optic,67.99,403.06,No
CUST00465,Male,0,29,Yes,Fiber optic,83.52,2257.07,Yes
CUST00466,Female,0,21,No,DSL,71.36,1707.1,No
CUST00467,Female,0,31,No,DSL,41.12,1196.03,No
CUST00468,Male,0,33,No,DSL,38.45,1273.75,No
CUST00469,Male,0,11,No,Fiber optic,73.18,853.8,Yes
CUST00470,Female,0,67,Yes,DSL,87.65,5578.6,No
CUST00471,Female,0,42,Yes,Fiber optic,59.45,2518.64,No
CUST00472,Male,1,61,No,Fiber optic,75.78,4358.6,Yes
CUST00473,Male,0,24,No,DSL,25.77,786.92,No
CUST00474,Female,0,2,Yes,No,104.76,199.06,No
CUST00475,Male,0,66,No,DSL,55.05,3647.47,No
CUST00476,Female,0,28,No,DSL,76.87,1886.55,No
CUST00477,Male,1,2,Yes,No,85.49,159.94,No
CUST00478,Male,0,27,No,Fiber optic,76.02,2215.98,Yes
CUST00479,Male,0,38,No,DSL,41.04,1248.17,No
CUST00480,Female,0,6,No,Fiber optic,93.48,581.84,Yes
CUST00481,Female,0,3,Yes,Fiber optic,101.57,310.83,Yes
CUST00482,Female,0,10,Yes,Fiber optic,107.38,1055.57,No
CUST00483,Male,0,16,Yes,DSL,67.79,1106.4,No
CUST00484,Female,0,1,Yes,DSL,62.83,,No
CUST00485,Male,0,6,No,DSL,64.69,418.24,No
CUST00486,Female,0,12,No,Fiber optic,83.05,1105.51,No
CUST00487,Female,0,0,No,Fiber optic,68.41,,Yes
CUST00488,Male,0,4,No,Fiber optic,109.37,453.05,Yes
CUST00489,Female,0,56,Yes,DSL,33.51,2101.42,No
CUST00490,Female,0,37,Yes,Fiber optic,63.85,2104.5,Yes
CUST00491,Female,0,10,Yes,DSL,69.3,633.97,No
CUST00492,Male,0,2,No,DSL,68.05,118.57,No
CUST00493,Female,0,8,No,DSL,67.38,541.83,No
CUST00494,Male,0,12,No,DSL,77.04,892.31,No
CUST00495,Male,0,16,Yes,Fiber optic,36.4,542.19,No
CUST00496,Female,0,3,Yes,Fiber optic,82.87,227.2,No
CUST00497,Female,0,50,Yes,No,21.81,967.92,No
CUST00498,Male,0,29,Yes,DSL,72.86,1940.78,No
CUST00499,Male,0,44,No,DSL,98.61,3964.47,No
CUST00500,Female,0,49,No,Fiber optic,61.89,,No
CUST00501,Female,1,4,Yes,Fiber optic,82.0,343.28,No
CUST00502,Male,0,7,No,Fiber optic,72.4,574.47,Yes
CUST00503,Female,0,15,Yes,No,32.83,484.09,No
CUST00504,Male,0,12,Yes,DSL,65.58,834.13,No
CUST00505,Female,1,71,Yes,No,44.98,3469.45,No
CUST00506,Female,0,57,No,Fiber optic,78.37,4379.69,No
CUST00507,Female,0,6,No,Fiber optic,88.58,588.01,Yes
CUST00508,Male,0,1,Yes,Fiber optic,84.33,92.13,Yes
CUST00509,Female,0,18,No,DSL,98.43,1820.12,No
CUST00510,Female,0,0,Yes,Fiber optic,62.42,,No
CUST00511,Male,1,9,No,DSL,104.56,969.11,No
CUST00512,Male,0,38,Yes,Fiber optic,82.28,3410.19,No
CUST00513,Male,0,6,No,Fiber optic,97.6,598.89,Yes
CUST00514,Female,0,42,Yes,DSL,91.57,,No
CUST00515,Female,0,7,No,Fiber optic,64.65,435.48,Yes
CUST00516,Male,0,64,No,Fiber optic,53.92,2924.86,Yes
CUST00517,Male,0,10,No,DSL,81.78,891.13,No
CUST00518,Male,0,52,Yes,DSL,75.69,,No
CUST00519,Female,0,10,Yes,DSL,79.06,718.88,Yes
CUST00520,Female,0,37,No,No,20.73,1005.84,No
CUST00521,Male,0,4,Yes,Fiber optic,74.78,276.3,Yes
CUST00522,Female,0,67,Yes,DSL,44.18,3382.51,No
CUST00523,Female,0,63,No,Fiber optic,48.05,3005.5,No
CUST00524,Male,0,12,No,Fiber optic,21.9,306.75,Yes
CUST00525,Male,0,56,No,DSL,82.03,4552.17,No
CUST00526,Female,1,47,Yes,DSL,87.81,4377.6,Yes
CUST00527,Male,1,12,No,No,85.06,1015.43,Yes
CUST00528,Female,0,9,No,DSL,92.26,765.44,No
CUST00529,Female,0,7,No,DSL,92.99,619.32,Yes
CUST00530,Male,1,48,Yes,No,89.04,3856.74,Yes
CUST00531,Male,0,2,No,DSL,75.0,147.75,Yes
CUST00532,Male,1,50,No,Fiber optic,77.3,4314.77,No
CUST00533,Female,0,3,No,Fiber optic,101.38,292.77,Yes
CUST00534,Male,0,24,No,No,68.46,1811.38,No
CUST00535,Female,0,9,No,DSL,101.04,901.09,Yes
CUST00536,Male,0,10,No,DSL,106.3,1149.4,No
CUST00537,Male,1,62,No,Fiber optic,41.25,2588.76,Yes
CUST00538,Female,0,12,No,Fiber optic,55.83,725.27,Yes
CUST00539,Female,0,8,No,DSL,109.55,800.73,Yes
CUST00540,Male,0,54,Yes,Fiber optic,72.77,3509.22,No
CUST00541,Female,0,55,Yes,No,69.03,3844.28,No
CUST00542,Male,0,45,Yes,DSL,54.55,2805.53,No
CUST00543,Female,0,43,No,DSL,95.44,3817.31,No
CUST00544,Female,0,39,No,Fiber optic,49.5,1835.46,Yes
CUST00545,Male,0,10,No,No,102.5,937.53,Yes
CUST00546,Male,1,5,Yes,Fiber optic,87.23,464.57,Yes
CUST00547,Female,0,23,No,Fiber optic,24.5,680.17,No
CUST00548,Female,0,10,No,Fiber optic,62.52,685.83,No
CUST00549,Male,0,13,No,Fiber optic,79.37,1086.51,No
CUST00550,Male,0,4,Yes,No,98.66,361.13,Yes
CUST00551,Male,0,21,Yes,DSL,64.35,,No
CUST00552,Female,0,9,No,No,61.63,620.33,No
CUST00553,Female,0,2,No,Fiber optic,70.2,122.77,Yes
CUST00554,Female,0,9,No,No,64.54,542.09,No
CUST00555,Male,0,3,Yes,Fiber optic,103.24,315.2,Yes
CUST00556,Male,1,26,Yes,Fiber optic,87.02,2353.77,Yes
CUST00557,Female,0,15,Yes,Fiber optic,90.24,1454.98,No
CUST00558,Male,0,67,Yes,Fiber optic,37.05,2075.51,No
CUST00559,Male,0,68,No,Fiber optic,86.51,5952.63,Yes
CUST00560,Male,0,66,Yes,DSL,24.08,1330.96,No
CUST00561,Female,0,45,Yes,No,23.77,791.25,No
CUST00562,Female,0,13,No,DSL,28.92,455.52,No
CUST00563,Female,0,57,No,Fiber optic,81.93,4226.04,Yes
CUST00564,Male,1,38,No,DSL,78.21,3069.42,No
CUST00565,Male,0,29,No,DSL,70.87,2286.05,No
CUST00566,Female,0,66,No,No,23.29,1251.22,No
CUST00567,Female,0,59,No,Fiber optic,37.13,2579.08,No
CUST00568,Female,0,53,Yes,Fiber optic,60.08,3053.15,No
CUST00569,Female,0,68,No,DSL,45.04,2981.25,No
CUST00570,Female,0,8,Yes,Fiber optic,90.29,788.0,Yes
CUST00571,Female,0,8,Yes,DSL,63.66,470.14,No
CUST00572,Male,0,19,Yes,Fiber optic,94.81,1954.33,Yes
CUST00573,Male,1,10,No,Fiber optic,78.39,,Yes
CUST00574,Female,1,4,Yes,No,63.6,288.85,Yes
CUST00575,Male,0,3,Yes,DSL,89.14,,Yes
CUST00576,Male,0,15,Yes,DSL,72.53,1229.34,No
CUST00577,Female,0,27,Yes,DSL,56.16,1446.24,No
CUST00578,Female,1,1,Yes,Fiber optic,94.35,100.78,No
CUST00579,Female,1,34,Yes,Fiber optic,83.09,2876.19,Yes
CUST00580,Male,0,71,Yes,Fiber optic,82.29,5812.82,No
CUST00581,Female,0,2,Yes,Fiber optic,67.17,124.75,No
CUST00582,Female,0,46,No,No,57.8,2932.93,No
CUST00583,Male,0,36,No,Fiber optic,56.62,2035.35,No
CUST00584,Male,0,32,Yes,No,54.4,,No
CUST00585,Female,0,22,No,Fiber optic,36.32,776.64,No
CUST00586,Male,1,59,No,No,64.74,3770.64,Yes
CUST00587,Female,0,39,No,No,96.59,3764.18,No
CUST00588,Male,0,43,Yes,Fiber optic,91.57,4238.51,Yes
CUST00589,Female,0,1,No,Fiber optic,97.27,94.64,No
CUST00590,Female,0,22,Yes,No,74.96,1708.91,No
CUST00591,Female,0,2,No,Fiber optic,99.64,195.98,Yes
CUST00592,Male,0,10,No,No,88.32,786.75,No
CUST00593,Male,0,40,No,Fiber optic,24.17,1201.05,No
CUST00594,Male,0,67,No,Fiber optic,39.81,2358.7,Yes
CUST00595,Female,0,47,Yes,Fiber optic,20.15,1403.6,No
CUST00596,Female,1,7,Yes,Fiber optic,98.32,666.48,Yes
CUST00597,Male,0,2,Yes,DSL,88.46,196.73,No
CUST00598,Female,1,18,Yes,No,36.74,655.39,No
CUST00599,Female,0,19,Yes,No,50.89,827.33,No
CUST00600,Male,0,36,No,Fiber optic,29.32,818.85,No
CUST00601,Female,0,62,Yes,DSL,40.53,2494.9,No
CUST00602,Male,1,11,Yes,DSL,63.23,676.86,No
CUST00603,Male,0,14,Yes,Fiber optic,40.04,490.23,Yes
CUST00604,Female,0,2,No,DSL,93.08,192.42,Yes
CUST00605,Female,0,64,Yes,Fiber optic,73.39,4067.04,Yes
CUST00606,Female,0,9,Yes,No,105.23,,Yes
CUST00607,Male,0,55,Yes,DSL,90.32,4719.83,No
CUST00608,Male,0,67,No,Fiber optic,61.15,4749.43,No
CUST00609,Male,0,50,Yes,DSL,46.25,2777.2,No
CUST00610,Male,0,14,Yes,No,98.72,1455.62,No
CUST00611,Male,0,6,No,No,71.25,476.07,Yes
CUST00612,Male,0,39,Yes,Fiber optic,98.89,3731.97,Yes
CUST00613,Female,1,59,Yes,No,76.04,4751.37,No
CUST00614,Female,0,46,Yes,Fiber optic,43.69,2177.32,No
CUST00615,Male,0,59,No,DSL,53.09,2626.03,No
CUST00616,Female,0,6,Yes,Fiber optic,104.28,568.15,No
CUST00617,Female,0,22,Yes,Fiber optic,28.91,699.24,No
CUST00618,Female,0,39,No,Fiber optic,51.94,1842.38,Yes
CUST00619,Male,0,10,Yes,Fiber optic,61.3,690.58,No
CUST00620,Female,0,0,Yes,No,90.2,,Yes
CUST00621,Female,0,60,No,Fiber optic,20.13,1486.33,No
CUST00622,Female,0,70,No,Fiber optic,21.09,1334.59,No
CUST00623,Female,0,29,No,Fiber optic,49.2,1426.29,No
CUST00624,Female,1,41,No,No,98.83,4258.6,No
CUST00625,Male,0,22,Yes,DSL,81.59,1732.77,No
CUST00626,Female,0,2,No,DSL,62.63,122.56,No
CUST00627,Female,1,64,No,Fiber optic,93.96,5559.06,No
CUST00628,Female,1,30,Yes,DSL,39.44,1208.56,Yes
CUST00629,Female,0,71,No,DSL,21.09,1665.58,No
CUST00630,Female,0,32,Yes,Fiber optic,36.4,1119.02,Yes
CUST00631,Male,0,11,No,DSL,95.16,1037.18,No
CUST00632,Female,0,42,Yes,Fiber optic,78.63,3438.17,No
CUST00633,Female,0,69,No,Fiber optic,25.23,1536.23,Yes
CUST00634,Female,1,2,Yes,DSL,62.13,137.44,Yes
CUST00635,Male,0,63,Yes,No,55.04,3793.01,No
CUST00636,Female,0,47,No,Fiber optic,21.19,850.95,Yes
CUST00637,Male,0,9,Yes,Fiber optic,73.3,574.87,Yes
CUST00638,Female,0,65,No,Fiber optic,75.81,4339.68,No
CUST00639,Male,0,69,Yes,DSL,57.54,3983.87,No
CUST00640,Female,0,9,No,No,93.76,911.48,Yes
CUST00641,Male,0,1,Yes,Fiber optic,83.97,80.92,No
CUST00642,Female,1,67,Yes,Fiber optic,43.91,2655.92,No
CUST00643,Male,1,57,No,Fiber optic,81.77,4192.4,Yes
CUST00644,Male,1,8,No,DSL,90.27,747.36,No
CUST00645,Male,0,11,No,Fiber optic,100.52,1020.03,No
CUST00646,Male,0,11,No,DSL,101.23,1020.29,Yes
CUST00647,Female,0,27,No,DSL,71.96,1780.52,No
CUST00648,Male,1,0,No,Fiber optic,88.14,,Yes
CUST00649,Female,0,6,Yes,Fiber optic,84.7,462.82,Yes
CUST00650,Female,1,46,No,DSL,25.21,1045.48,No
CUST00651,Male,0,11,No,Fiber optic,105.05,1061.43,No
CUST00652,Female,0,19,Yes,No,28.22,668.25,No
CUST00653,Male,1,4,No,Fiber optic,93.16,399.85,Yes
CUST00654,Female,0,63,No,Fiber optic,58.4,3429.33,No
CUST00655,Female,0,51,No,DSL,70.18,3278.85,No
CUST00656,Male,0,62,No,No,46.86,3219.26,No
CUST00657,Female,0,36,No,Fiber optic,74.11,2809.57,Yes
CUST00658,Female,0,41,Yes,DSL,34.09,1148.59,No
CUST00659,Female,0,29,Yes,No,22.98,573.54,No
CUST00660,Male,1,46,No,DSL,30.92,1866.88,No
CUST00661,Female,0,11,Yes,DSL,89.69,1028.33,No
CUST00662,Female,0,66,Yes,DSL,74.93,5224.36,No
CUST00663,Female,0,60,Yes,Fiber optic,56.2,2937.53,No
CUST00664,Female,1,36,Yes,No,88.12,2872.38,Yes
CUST00665,Female,0,12,No,DSL,31.88,313.41,No
CUST00666,Female,0,5,No,Fiber optic,106.71,489.15,No
CUST00667,Female,0,67,No,No,43.05,2881.14,No
CUST00668,Male,0,9,No,Fiber optic,75.36,727.15,Yes
CUST00669,Female,0,56,Yes,Fiber optic,67.49,4188.54,Yes
CUST00670,Female,0,9,No,Fiber optic,75.63,760.31,No
CUST00671,Female,0,11,Yes,Fiber optic,81.39,891.55,No
CUST00672,Male,1,26,No,DSL,47.34,1135.01,No
CUST00673,Male,0,10,No,Fiber optic,89.71,937.98,Yes
CUST00674,Male,0,40,Yes,Fiber optic,52.83,2406.15,No
CUST00675,Female,0,11,No,No,101.02,1097.19,Yes
CUST00676,Female,0,3,Yes,No,79.02,238.82,No
CUST00677,Female,0,7,Yes,Fiber optic,62.21,388.78,Yes
CUST00678,Male,0,34,No,Fiber optic,37.73,1276.02,No
CUST00679,Female,0,9,No,Fiber optic,77.47,663.18,Yes
CUST00680,Female,0,11,No,DSL,79.55,794.76,Yes
CUST00681,Female,1,11,Yes,DSL,80.3,903.02,Yes
CUST00682,Male,0,7,Yes,DSL,107.48,764.61,No
CUST00683,Female,0,10,No,No,61.25,695.33,No
CUST00684,Female,0,2,No,DSL,89.3,193.36,Yes
CUST00685,Female,0,6,Yes,DSL,109.02,609.93,Yes
CUST00686,Male,0,22,Yes,No,22.74,364.33,No
CUST00687,Female,0,55,Yes,No,55.05,2833.53,No
CUST00688,Female,0,36,No,DSL,29.07,1227.08,No
CUST00689,Male,0,9,No,Fiber optic,93.32,782.04,Yes
CUST00690,Female,1,5,No,No,61.04,325.46,No
CUST00691,Male,0,18,No,Fiber optic,50.83,764.75,No
CUST00692,Male,0,33,Yes,DSL,84.31,2633.3,No
CUST00693,Male,1,3,Yes,Fiber optic,65.88,215.09,No
CUST00694,Female,0,0,No,Fiber optic,104.06,,No
CUST00695,Female,1,58,Yes,Fiber optic,96.36,5461.0,No
CUST00696,Male,1,64,No,DSL,21.19,1687.35,No
CUST00697,Female,0,5,No,No,61.15,338.48,No
CUST00698,Female,0,72,No,Fiber optic,23.11,1181.59,No
CUST00699,Male,1,11,No,No,80.77,922.53,Yes
CUST00700,Female,0,72,No,DSL,26.51,1642.58,No
CUST00701,Female,0,66,No,Fiber optic,56.52,3097.71,Yes
CUST00702,Female,1,37,No,DSL,76.93,2613.02,Yes
CUST00703,Female,0,9,Yes,Fiber optic,87.89,729.86,Yes
CUST00704,Female,0,7,Yes,Fiber optic,99.55,755.16,Yes
CUST00705,Male,0,51,No,No,31.93,1584.22,No
CUST00706,Female,0,11,No,Fiber optic,98.92,1034.39,No
CUST00707,Male,0,32,Yes,No,38.31,1107.01,No
CUST00708,Male,0,62,Yes,DSL,53.75,3705.98,No
CUST00709,Female,0,0,No,DSL,65.41,,No
CUST00710,Female,0,7,No,Fiber optic,71.98,495.02,No
CUST00711,Female,0,7,No,No,98.97,741.98,No
CUST00712,Female,0,3,No,DSL,97.35,318.34,Yes
CUST00713,Male,1,55,Yes,No,85.66,4593.71,Yes
CUST00714,Male,1,47,No,Fiber optic,58.57,3138.64,Yes
CUST00715,Male,1,11,Yes,DSL,87.2,926.66,No
CUST00716,Female,0,15,No,DSL,83.41,1136.1,No
CUST00717,Male,0,10,Yes,Fiber optic,104.51,1033.02,No
CUST00718,Male,0,12,No,DSL,20.33,328.61,No
CUST00719,Male,1,11,Yes,No,81.6,797.81,No
CUST00720,Male,0,68,No,DSL,73.02,5552.86,No
CUST00721,Female,0,50,No,No,78.48,4154.41,No
CUST00722,Male,0,60,Yes,Fiber optic,83.74,5223.97,Yes
CUST00723,Female,0,11,No,DSL,65.11,664.31,No
CUST00724,Male,0,30,No,Fiber optic,37.96,1270.08,No
CUST00725,Male,1,63,No,Fiber optic,56.77,3079.37,Yes
CUST00726,Female,0,41,No,DSL,60.47,2459.92,No
CUST00727,Female,0,45,Yes,Fiber optic,66.27,2952.98,No
CUST00728,Female,0,7,No,Fiber optic,69.95,539.0,Yes
CUST00729,Female,0,2,Yes,Fiber optic,90.76,188.11,No
CUST00730,Male,0,65,No,Fiber optic,84.68,5272.67,No
CUST00731,Male,0,7,No,No,69.8,464.47,No
CUST00732,Female,1,46,No,DSL,29.54,1280.14,Yes
CUST00733,Female,1,5,Yes,Fiber optic,103.94,547.06,Yes
CUST00734,Male,0,6,No,No,94.74,553.18,Yes
CUST00735,Female,0,11,Yes,DSL,97.0,1138.83,No
CUST00736,Male,0,40,No,DSL,25.8,1410.72,No
CUST00737,Female,1,4,Yes,DSL,81.86,287.72,No
CUST00738,Female,0,30,No,No,34.48,1097.81,No
CUST00739,Female,0,20,Yes,No,55.98,1086.12,No
CUST00740,Male,0,29,No,Fiber optic,24.91,474.03,No
CUST00741,Female,0,60,No,No,71.01,4513.55,No
CUST00742,Male,0,10,Yes,DSL,82.85,883.97,Yes
CUST00743,Male,0,7,Yes,Fiber optic,90.87,636.0,Yes
CUST00744,Female,0,23,No,No,90.85,,No
CUST00745,Male,1,17,Yes,Fiber optic,21.93,378.44,Yes
CUST00746,Male,0,66,No,No,74.55,4312.88,No
CUST00747,Female,1,70,No,DSL,75.85,5307.83,Yes
CUST00748,Male,1,20,Yes,DSL,68.43,1362.52,No
CUST00749,Male,0,0,Yes,DSL,71.02,,Yes
CUST00750,Female,0,30,Yes,No,58.3,1518.1,No
CUST00751,Male,1,22,No,DSL,77.29,1653.44,No
CUST00752,Male,1,9,No,Fiber optic,96.03,,Yes
CUST00753,Male,0,46,No,Fiber optic,31.92,1728.31,No
CUST00754,Male,0,6,Yes,DSL,93.95,616.43,Yes
CUST00755,Female,0,3,No,Fiber optic,90.07,246.81,Yes
CUST00756,Male,0,13,No,No,57.34,784.09,No
CUST00757,Female,0,46,No,Fiber optic,97.54,4425.8,Yes
CUST00758,Female,1,44,No,DSL,49.49,2525.8,No
CUST00759,Female,0,25,Yes,DSL,96.91,2191.92,No
CUST00760,Male,0,21,No,DSL,65.5,1201.56,No
CUST00761,Male,0,44,No,No,21.27,1020.1,No
CUST00762,Female,0,33,Yes,DSL,36.59,964.48,No
CUST00763,Male,0,6,No,DSL,103.06,644.42,Yes
CUST00764,Male,1,11,Yes,DSL,92.85,1011.73,Yes
CUST00765,Female,0,9,No,DSL,77.53,780.88,Yes
CUST00766,Female,0,17,Yes,Fiber optic,45.23,908.85,Yes
CUST00767,Male,0,40,Yes,DSL,49.86,1843.63,No
CUST00768,Female,0,4,No,DSL,72.04,314.21,Yes
CUST00769,Female,0,12,Yes,Fiber optic,44.5,552.05,No
CUST00770,Female,0,22,Yes,No,45.0,1056.9,No
CUST00771,Female,0,0,Yes,Fiber optic,72.71,,No
CUST00772,Male,0,13,Yes,DSL,24.86,357.44,No
CUST00773,Female,0,15,No,DSL,20.08,201.93,No
CUST00774,Female,0,18,Yes,Fiber optic,57.71,1164.9,No
CUST00775,Male,0,10,No,DSL,73.36,753.7,Yes
CUST00776,Female,0,4,Yes,Fiber optic,105.86,417.15,No
CUST00777,Female,0,21,Yes,DSL,26.31,674.2,No
CUST00778,Male,1,70,Yes,DSL,83.75,6545.96,No
CUST00779,Male,0,55,Yes,Fiber optic,80.85,4956.86,No
CUST00780,Female,0,69,Yes,DSL,63.15,4753.79,No
CUST00781,Male,0,5,No,Fiber optic,62.48,269.7,No
CUST00782,Male,0,9,Yes,Fiber optic,94.57,860.03,Yes
CUST00783,Female,1,16,No,Fiber optic,98.55,1594.76,No
CUST00784,Female,1,36,Yes,DSL,37.81,1104.88,No
CUST00785,Male,0,2,No,Fiber optic,90.61,195.42,No
CUST00786,Female,0,44,Yes,Fiber optic,66.84,3156.22,Yes
CUST00787,Female,1,63,Yes,No,40.22,3138.47,No
CUST00788,Female,0,22,Yes,Fiber optic,66.14,1292.01,Yes
CUST00789,Male,1,4,No,DSL,92.62,408.78,No
CUST00790,Male,0,39,No,DSL,37.67,1793.6,No
CUST00791,Male,0,4,No,DSL,93.07,407.11,No
CUST00792,Male,0,18,No,Fiber optic,65.29,1180.72,No
CUST00793,Male,0,53,Yes,Fiber optic,46.79,2135.89,No
CUST00794,Female,0,54,Yes,DSL,73.87,4062.59,No
CUST00795,Female,1,57,Yes,No,23.45,1008.81,No
CUST00796,Male,0,37,No,DSL,31.35,809.77,No
CUST00797,Female,0,32,No,Fiber optic,23.13,1052.64,No
CUST00798,Female,0,29,No,No,27.08,1002.96,No
CUST00799,Female,0,57,No,DSL,56.35,2657.29,No
CUST00800,Female,0,14,Yes,Fiber optic,43.4,545.71,Yes
CUST00801,Female,0,53,Yes,Fiber optic,49.42,2907.5,Yes
CUST00802,Male,0,32,No,DSL,70.3,2154.81,No
CUST00803,Male,0,8,Yes,DSL,100.88,811.13,No
CUST00804,Female,0,61,No,DSL,60.52,3495.28,No
CUST00805,Female,0,42,Yes,Fiber optic,27.12,,No
CUST00806,Female,0,55,Yes,DSL,35.5,1844.44,No
CUST00807,Male,0,3,No,DSL,102.73,313.99,Yes
CUST00808,Female,0,3,No,Fiber optic,96.12,290.82,No
CUST00809,Male,1,14,Yes,Fiber optic,99.66,1482.72,Yes
CUST00810,Female,0,12,Yes,Fiber optic,85.4,1065.53,No
CUST00811,Male,1,6,No,No,78.56,481.44,Yes
CUST00812,Female,0,26,Yes,DSL,56.33,1671.85,No
CUST00813,Female,1,7,Yes,Fiber optic,77.41,530.36,No
CUST00814,Male,0,60,Yes,Fiber optic,99.96,5723.77,No
CUST00815,Female,0,70,Yes,DSL,37.28,2259.34,No
CUST00816,Male,0,12,No,DSL,59.26,714.22,No
CUST00817,Female,0,59,Yes,DSL,79.09,,No
CUST00818,Female,0,32,No,DSL,78.38,2617.88,No
CUST00819,Male,0,0,Yes,Fiber optic,84.23,,No
CUST00820,Female,1,6,Yes,DSL,105.07,679.01,Yes
CUST00821,Male,0,0,No,No,66.79,,No
CUST00822,Female,0,1,Yes,Fiber optic,100.49,96.24,Yes
CUST00823,Male,0,32,No,No,64.94,,No
CUST00824,Male,0,38,Yes,Fiber optic,61.52,2702.74,Yes
CUST00825,Female,0,62,Yes,Fiber optic,47.25,2639.59,Yes
CUST00826,Male,0,5,No,Fiber optic,92.56,468.68,Yes
CUST00827,Female,0,48,No,Fiber optic,81.24,3791.75,No
CUST00828,Female,0,61,Yes,Fiber optic,33.73,2655.84,No
CUST00829,Female,0,58,No,No,36.34,2332.47,No
CUST00830,Male,0,46,Yes,Fiber optic,71.3,3623.7,No
CUST00831,Female,0,50,No,DSL,28.96,1209.5,No
CUST00832,Female,0,42,Yes,DSL,32.09,1339.83,No
CUST00833,Female,1,12,Yes,No,62.08,647.88,No
CUST00834,Female,1,22,Yes,Fiber optic,84.91,1684.39,No
CUST00835,Male,0,38,No,Fiber optic,30.19,796.8,Yes
CUST00836,Male,1,62,No,Fiber optic,96.98,5442.32,Yes
CUST00837,Female,0,48,Yes,Fiber optic,59.49,2967.15,No
CUST00838,Male,0,7,Yes,Fiber optic,94.56,651.83,No
CUST00839,Female,0,41,Yes,DSL,48.86,2199.03,No
CUST00840,Female,0,49,Yes,DSL,51.8,,No
CUST00841,Male,0,66,Yes,No,33.23,2547.27,No
CUST00842,Female,1,0,No,Fiber optic,74.91,,No
CUST00843,Female,0,18,No,DSL,69.73,1080.47,No
CUST00844,Male,0,10,No,DSL,86.86,853.59,No
CUST00845,Female,0,23,No,No,50.0,970.67,No
CUST00846,Male,0,33,No,Fiber optic,98.21,3208.23,Yes
CUST00847,Male,0,47,Yes,Fiber optic,67.2,2871.91,No
CUST00848,Female,0,0,No,DSL,109.37,,No
CUST00849,Female,0,5,No,DSL,76.29,424.36,Yes
CUST00850,Female,0,13,Yes,Fiber optic,98.37,1231.18,No
CUST00851,Female,0,9,No,DSL,102.2,1003.22,Yes
CUST00852,Male,0,15,No,DSL,69.79,999.79,No
CUST00853,Female,0,60,Yes,No,67.93,4121.58,No
CUST00854,Male,0,0,Yes,Fiber optic,64.69,,Yes
CUST00855,Male,0,10,Yes,DSL,98.04,957.52,No
CUST00856,Male,0,39,No,Fiber optic,35.2,1536.32,Yes
CUST00857,Male,0,59,Yes,Fiber optic,35.82,1865.19,No
CUST00858,Male,0,15,No,Fiber optic,67.58,1095.87,Yes
CUST00859,Male,0,38,No,Fiber optic,98.23,3921.71,No
CUST00860,Male,0,54,Yes,Fiber optic,54.95,2683.85,No
CUST00861,Male,0,8,Yes,DSL,90.02,674.7,No
CUST00862,Male,0,26,No,Fiber optic,82.84,2207.45,No
CUST00863,Male,0,23,No,DSL,82.64,1973.21,No
CUST00864,Male,0,50,No,Fiber optic,31.01,1419.61,Yes
CUST00865,Female,0,3,Yes,DSL,61.78,185.9,No
CUST00866,Male,0,10,Yes,DSL,79.17,779.73,Yes
CUST00867,Male,1,61,Yes,DSL,78.48,5227.63,No
CUST00868,Female,0,5,No,Fiber optic,69.47,317.55,No
CUST00869,Female,0,32,No,Fiber optic,96.74,2868.94,No
CUST00870,Female,0,5,Yes,Fiber optic,60.27,310.53,Yes
CUST00871,Female,0,57,No,Fiber optic,44.09,2645.32,Yes
CUST00872,Female,0,1,Yes,Fiber optic,63.57,55.42,No
CUST00873,Female,0,36,Yes,Fiber optic,33.81,1026.58,No
CUST00874,Female,0,55,Yes,Fiber optic,64.24,3489.25,No
CUST00875,Female,0,65,Yes,DSL,99.13,6311.25,No
CUST00876,Male,0,57,No,DSL,78.82,,No
CUST00877,Male,0,7,No,DSL,74.5,,Yes
CUST00878,Male,1,5,Yes,Fiber optic,62.02,294.06,No
CUST00879,Female,0,41,No,Fiber optic,38.33,1433.19,No
CUST00880,Male,0,4,No,Fiber optic,87.6,352.34,Yes
CUST00881,Male,0,5,No,Fiber optic,75.67,369.47,Yes
CUST00882,Male,1,66,No,DSL,91.28,6513.62,No
CUST00883,Male,1,56,Yes,DSL,66.21,3399.02,Yes
CUST00884,Female,0,22,No,Fiber optic,34.21,800.82,Yes
CUST00885,Male,0,59,No,DSL,36.62,2370.73,No
CUST00886,Female,0,53,No,Fiber optic,76.45,4400.56,Yes
CUST00887,Female,0,3,No,No,83.51,,No
CUST00888,Male,0,58,No,Fiber optic,23.93,1341.98,Yes
CUST00889,Male,0,65,Yes,DSL,59.13,4103.37,No
CUST00890,Male,1,8,Yes,DSL,77.71,648.03,Yes
CUST00891,Male,0,62,No,DSL,88.99,5323.74,No
CUST00892,Male,0,40,No,DSL,65.82,2669.81,No
CUST00893,Female,0,60,Yes,DSL,76.77,4683.18,No
CUST00894,Male,0,63,No,Fiber optic,40.69,,Yes
CUST00895,Male,0,30,No,DSL,33.11,811.04,No
CUST00896,Male,0,5,Yes,No,91.88,412.03,No
CUST00897,Female,0,0,Yes,No,90.2,,Yes
CUST00898,Male,0,11,Yes,Fiber optic,81.47,988.36,Yes
CUST00899,Male,0,31,Yes,DSL,39.01,1008.61,No
CUST00900,Male,1,39,No,DSL,87.51,,Yes
CUST00901,Male,0,11,Yes,DSL,95.42,1027.71,No
CUST00902,Male,0,7,No,DSL,85.9,615.68,Yes
CUST00903,Female,0,23,Yes,Fiber optic,29.83,882.25,Yes
CUST00904,Female,0,16,No,DSL,31.34,455.23,No
CUST00905,Male,0,47,No,No,83.12,3590.44,No
CUST00906,Female,1,20,Yes,Fiber optic,68.64,1492.12,Yes
CUST00907,Male,0,55,Yes,DSL,77.03,3993.9,No
CUST00908,Female,0,1,No,Fiber optic,90.19,97.27,Yes
CUST00909,Male,0,32,Yes,Fiber optic,52.34,1685.38,No
CUST00910,Male,0,5,Yes,DSL,87.2,436.25,Yes
CUST00911,Female,0,0,No,No,89.18,,Yes
CUST00912,Female,0,3,No,No,67.94,190.78,No
CUST00913,Male,1,30,Yes,No,86.4,2308.05,Yes
CUST00914,Male,0,8,Yes,DSL,65.57,592.95,No
CUST00915,Female,0,21,No,DSL,54.85,1217.13,No
CUST00916,Female,0,63,No,Fiber optic,29.34,2018.54,No
CUST00917,Female,1,16,No,DSL,36.35,734.49,No
CUST00918,Female,0,45,Yes,Fiber optic,65.29,2798.56,No
CUST00919,Female,1,34,Yes,No,29.28,862.59,Yes
CUST00920,Female,0,25,No,No,86.92,2004.76,No
CUST00921,Male,0,8,No,Fiber optic,76.39,638.11,Yes
CUST00922,Female,0,9,Yes,DSL,82.4,,No
CUST00923,Female,1,34,No,DSL,21.0,863.52,Yes
CUST00924,Male,0,37,Yes,No,52.27,1725.79,No
CUST00925,Female,0,72,No,Fiber optic,99.6,6903.09,Yes
CUST00926,Male,1,27,No,DSL,58.58,1707.38,No
CUST00927,Female,0,7,Yes,Fiber optic,107.45,812.56,Yes
CUST00928,Female,0,5,Yes,DSL,61.55,311.16,No
CUST00929,Male,0,10,No,Fiber optic,69.34,722.04,No
CUST00930,Male,0,8,No,DSL,79.57,579.92,Yes
CUST00931,Male,0,57,Yes,Fiber optic,37.7,2146.3,Yes
CUST00932,Male,1,26,Yes,No,75.03,2198.95,Yes
CUST00933,Female,0,11,No,DSL,76.53,,Yes
CUST00934,Female,0,3,No,No,106.41,314.76,Yes
CUST00935,Male,0,35,Yes,No,82.45,2558.68,No
CUST00936,Female,0,51,Yes,Fiber optic,45.16,2299.32,No
CUST00937,Male,0,14,No,DSL,35.04,379.24,No
CUST00938,Male,0,49,No,Fiber optic,72.37,3263.02,No
CUST00939,Male,0,34,No,Fiber optic,82.57,2689.9,No
CUST00940,Male,0,23,Yes,No,54.92,1366.94,No
CUST00941,Female,0,54,No,No,54.8,2445.19,No
CUST00942,Female,0,12,No,Fiber optic,61.84,655.6,No
CUST00943,Male,0,12,No,Fiber optic,45.95,670.63,Yes
CUST00944,Male,0,4,No,DSL,94.9,396.98,Yes
CUST00945,Male,0,2,Yes,DSL,69.12,121.61,No
CUST00946,Female,0,8,No,DSL,94.22,710.21,Yes
CUST00947,Male,0,12,Yes,Fiber optic,93.98,1195.49,No
CUST00948,Female,0,12,Yes,No,96.07,1132.08,No
CUST00949,Male,0,5,Yes,DSL,98.34,517.54,Yes
CUST00950,Male,0,58,No,Fiber optic,28.25,1418.37,No
CUST00951,Male,0,60,No,Fiber optic,70.56,4814.56,Yes
CUST00952,Female,0,45,Yes,Fiber optic,88.68,4320.0,No
CUST00953,Male,0,35,No,Fiber optic,73.49,2377.83,No
CUST00954,Female,0,19,Yes,DSL,91.5,1654.52,No
CUST00955,Male,0,52,No,DSL,82.88,4783.56,No
CUST00956,Female,1,61,Yes,Fiber optic,44.89,2770.84,Yes
CUST00957,Female,0,13,No,DSL,99.35,1401.5,No
CUST00958,Female,0,0,Yes,Fiber optic,81.28,,No
CUST00959,Male,0,69,Yes,Fiber optic,65.29,3886.62,No
CUST00960,Male,1,1,Yes,Fiber optic,68.68,60.97,Yes
CUST00961,Male,0,33,Yes,No,72.89,2707.11,No
CUST00962,Male,0,20,No,No,31.34,507.34,No
CUST00963,Male,0,6,No,Fiber optic,86.09,542.88,Yes
CUST00964,Female,0,7,No,Fiber optic,75.03,469.0,Yes
CUST00965,Female,0,37,No,Fiber optic,32.71,1465.07,No
CUST00966,Female,0,33,No,No,94.47,2917.7,No
CUST00967,Female,1,40,No,Fiber optic,31.2,871.91,No
CUST00968,Male,0,45,Yes,DSL,23.82,1410.89,No
CUST00969,Female,0,31,No,Fiber optic,61.55,1930.85,Yes
CUST00970,Male,0,47,No,No,54.92,,No
CUST00971,Female,0,7,No,No,63.32,458.58,No
CUST00972,Male,0,2,No,DSL,82.73,165.51,Yes
CUST00973,Female,0,7,Yes,Fiber optic,96.76,654.95,Yes
CUST00974,Male,1,11,No,DSL,74.71,855.6,Yes
CUST00975,Female,0,14,No,No,20.71,156.19,No
CUST00976,Female,1,18,Yes,Fiber optic,95.28,1749.31,Yes
CUST00977,Male,0,0,Yes,Fiber optic,83.48,,Yes
CUST00978,Male,0,13,Yes,No,96.1,1364.18,No
CUST00979,Female,0,23,No,DSL,25.73,780.21,No
CUST00980,Male,0,69,Yes,No,71.57,4603.93,No
CUST00981,Female,0,0,No,No,80.68,,Yes
CUST00982,Female,0,12,No,Fiber optic,83.47,1099.36,Yes
CUST00983,Male,0,9,No,No,108.67,941.17,Yes
CUST00984,Female,1,45,Yes,DSL,89.28,3617.9,No
CUST00985,Male,0,66,Yes,DSL,77.15,4770.62,No
CUST00986,Female,0,41,Yes,Fiber optic,27.7,840.37,No
CUST00987,Male,1,4,Yes,DSL,66.55,256.23,Yes
CUST00988,Female,0,46,No,Fiber optic,21.13,1011.73,No
CUST00989,Male,0,8,No,No,77.73,623.77,Yes
CUST00990,Female,0,35,No,Fiber optic,79.6,2555.96,No
CUST00991,Male,0,64,No,DSL,89.4,5574.33,No
CUST00992,Male,1,8,No,No,80.8,721.87,Yes
CUST00993,Female,0,59,No,Fiber optic,52.17,3408.71,No
CUST00994,Male,0,8,No,Fiber optic,109.45,866.4,No
CUST00995,Male,0,63,No,Fiber optic,91.19,6340.8,Yes
CUST00996,Male,0,68,Yes,Fiber optic,50.59,2806.26,No
CUST00997,Female,0,9,No,Fiber optic,78.52,682.08,Yes
CUST00998,Male,0,53,Yes,Fiber optic,84.75,4541.31,Yes
CUST00999,Male,0,28,No,Fiber optic,64.21,2005.46,Yes
CUST01000,Female,1,6,No,DSL,105.59,637.64,Yes
